{
    "homo_nn_0": {
        "train": {
            "auc": 0.9981818181818182,
            "ks": 0.954025974025974
        }
    }
}