{
    "hetero_nn_0": {
        "train": {
            "auc": 0.9958379578246392,
            "ks": 0.9652106125469055
        }
    }
}