{
    "hetero_nn_0": {
        "train": {
            "auc": 0.5080848752117088,
            "ks": 0.0805291918320391
        }
    }
}