{
    "hetero_nn_0": {
        "train": {
            "auc": 0.8472208907210346,
            "ks": 0.5832134982264404
        }
    }
}