{
    "homo_nn_0": {
        "train": {
            "auc": 0.8290477313831879,
            "ks": 0.566800345993552
        }
    }
}