{
    "hetero_secureboost_0": {
        "train": {
            "auc": 0.8822393719575198,
            "ks": 0.6337359792924936
        }
    }
}