{
    "hetero_secureboost_0": {
        "train": {
            "auc": 0.995580307594736,
            "ks": 0.9669811320754716
        }
    }
}