{
    "hetero_secureboost_0": {
        "train": {
            "auc": 0.7668727830505226,
            "ks": 0.5337455661010451
        }
    }
}